"ncss","ccn","method"
"10","6","com.alibaba.fastjson.JSONArray.set(int,Object)"
"7","5","com.alibaba.fastjson.JSONArray.getJSONObject(int)"
"7","5","com.alibaba.fastjson.JSONArray.getJSONArray(int)"
"11","7","com.alibaba.fastjson.JSONArray.readObject(java.io.ObjectInputStream)"
"78","24","com.alibaba.fastjson.serializer.ListSerializer.write(JSONSerializer,Object,Object,Type,int)"
"28","9","com.alibaba.fastjson.serializer.ArraySerializer.write(JSONSerializer,Object,Object,Type,int)"
"9","7","com.alibaba.fastjson.serializer.LongCodec.write(JSONSerializer,Object,Object,Type,int)"
"26","9","com.alibaba.fastjson.serializer.LongCodec.deserialze(DefaultJSONParser,Type,Object)"
"38","9","com.alibaba.fastjson.serializer.AwtCodec.write(JSONSerializer,Object,Object,Type,int)"
"26","11","com.alibaba.fastjson.serializer.AwtCodec.deserialze(DefaultJSONParser,Type,Object)"
"39","16","com.alibaba.fastjson.serializer.AwtCodec.parseFont(DefaultJSONParser)"
"35","13","com.alibaba.fastjson.serializer.AwtCodec.parseColor(DefaultJSONParser)"
"40","14","com.alibaba.fastjson.serializer.AwtCodec.parseRectangle(DefaultJSONParser)"
"39","15","com.alibaba.fastjson.serializer.AwtCodec.parsePoint(DefaultJSONParser,Object)"
"27","8","com.alibaba.fastjson.serializer.EnumerationSerializer.write(JSONSerializer,Object,Object,Type,int)"
"74","15","com.alibaba.fastjson.serializer.CalendarCodec.write(JSONSerializer,Object,Object,Type,int)"
"13","7","com.alibaba.fastjson.serializer.CalendarCodec.deserialze(DefaultJSONParser,Type,Object,String,int)"
"14","7","com.alibaba.fastjson.serializer.FloatCodec.deserialze(DefaultJSONParser)"
"95","29","com.alibaba.fastjson.serializer.MiscCodec.write(JSONSerializer,Object,Object,Type,int)"
"122","81","com.alibaba.fastjson.serializer.MiscCodec.deserialze(DefaultJSONParser,Type,Object)"
"9","6","com.alibaba.fastjson.serializer.SerializeConfig.createJavaBeanSerializer(Class)"
"75","61","com.alibaba.fastjson.serializer.SerializeConfig.createJavaBeanSerializer(SerializeBeanInfo)"
"11","5","com.alibaba.fastjson.serializer.SerializeConfig.addFilter(Class,SerializeFilter)"
"25","9","com.alibaba.fastjson.serializer.SerializeConfig.config(Class,SerializerFeature,boolean)"
"206","113","com.alibaba.fastjson.serializer.SerializeConfig.getObjectWriter(Class,boolean)"
"8","5","com.alibaba.fastjson.serializer.SerializeConfig.get(Type)"
"185","38","com.alibaba.fastjson.serializer.ASMSerializerFactory.createJavaBeanSerializer(SerializeBeanInfo)"
"278","34","com.alibaba.fastjson.serializer.ASMSerializerFactory.generateWriteAsArray(Class,MethodVisitor,FieldInfo[],Context)"
"188","31","com.alibaba.fastjson.serializer.ASMSerializerFactory.generateWriteMethod(Class,MethodVisitor,FieldInfo[],Context)"
"14","5","com.alibaba.fastjson.serializer.ASMSerializerFactory._get(MethodVisitor,Context,FieldInfo)"
"142","17","com.alibaba.fastjson.serializer.ASMSerializerFactory._list(Class,MethodVisitor,FieldInfo,Context)"
"81","14","com.alibaba.fastjson.serializer.ASMSerializerFactory._writeObject(MethodVisitor,FieldInfo,Context,Label)"
"41","10","com.alibaba.fastjson.serializer.ASMSerializerFactory._notWriteDefault(MethodVisitor,FieldInfo,Context,Label)"
"52","13","com.alibaba.fastjson.serializer.ASMSerializerFactory._apply(MethodVisitor,FieldInfo,Context)"
"100","14","com.alibaba.fastjson.serializer.ASMSerializerFactory._processValue(MethodVisitor,FieldInfo,Context,Label)"
"57","13","com.alibaba.fastjson.serializer.ASMSerializerFactory._processKey(MethodVisitor,FieldInfo,Context)"
"58","14","com.alibaba.fastjson.serializer.ASMSerializerFactory._if_write_null(MethodVisitor,FieldInfo,Context)"
"73","31","com.alibaba.fastjson.serializer.PrimitiveArraySerializer.write(JSONSerializer,Object,Object,Type,int)"
"23","9","com.alibaba.fastjson.serializer.JavaBeanSerializer.JavaBeanSerializer(SerializeBeanInfo)"
"260","153","com.alibaba.fastjson.serializer.JavaBeanSerializer.write(JSONSerializer,Object,Object,Type,int,boolean)"
"10","8","com.alibaba.fastjson.serializer.JavaBeanSerializer.writeReference(JSONSerializer,Object,int)"
"9","8","com.alibaba.fastjson.serializer.JavaBeanSerializer.getFieldValue(Object,String)"
"11","10","com.alibaba.fastjson.serializer.JavaBeanSerializer.getFieldValue(Object,String,long,boolean)"
"17","7","com.alibaba.fastjson.serializer.JavaBeanSerializer.getFieldSerializer(String)"
"42","16","com.alibaba.fastjson.serializer.JavaBeanSerializer.getFieldSerializer(long)"
"19","7","com.alibaba.fastjson.serializer.JavaBeanSerializer.getFieldValuesMap(Object)"
"8","5","com.alibaba.fastjson.serializer.JavaBeanSerializer.writeBefore(JSONSerializer,Object,char)"
"8","5","com.alibaba.fastjson.serializer.JavaBeanSerializer.writeAfter(JSONSerializer,Object,char)"
"10","9","com.alibaba.fastjson.serializer.JavaBeanSerializer.applyLabel(JSONSerializer,String)"
"19","14","com.alibaba.fastjson.serializer.BigDecimalCodec.write(JSONSerializer,Object,Object,Type,int)"
"12","6","com.alibaba.fastjson.serializer.BigDecimalCodec.deserialze(DefaultJSONParser)"
"49","19","com.alibaba.fastjson.serializer.FieldSerializer.FieldSerializer(Class,FieldInfo)"
"14","5","com.alibaba.fastjson.serializer.FieldSerializer.writePrefix(JSONSerializer)"
"8","6","com.alibaba.fastjson.serializer.FieldSerializer.getPropertyValue(Object)"
"108","63","com.alibaba.fastjson.serializer.FieldSerializer.writeValue(JSONSerializer,Object)"
"28","11","com.alibaba.fastjson.serializer.BooleanCodec.deserialze(DefaultJSONParser,Type,Object)"
"18","15","com.alibaba.fastjson.serializer.SimplePropertyPreFilter.apply(JSONSerializer,Object,String)"
"143","84","com.alibaba.fastjson.serializer.MapSerializer.write(JSONSerializer,Object,Object,Type,int,boolean)"
"144","41","com.alibaba.fastjson.serializer.DateCodec.write(JSONSerializer,Object,Object,Type,int)"
"51","35","com.alibaba.fastjson.serializer.DateCodec.cast(DefaultJSONParser,Type,Object,Object)"
"99","52","com.alibaba.fastjson.serializer.JodaCodec.deserialze(DefaultJSONParser,Type,Object,String,int)"
"75","41","com.alibaba.fastjson.serializer.JodaCodec.parseDateTime(String,DateTimeFormatter)"
"52","28","com.alibaba.fastjson.serializer.JodaCodec.parseLocalDate(String,String,DateTimeFormatter)"
"56","27","com.alibaba.fastjson.serializer.JodaCodec.parseZonedDateTime(String,DateTimeFormatter)"
"29","10","com.alibaba.fastjson.serializer.JodaCodec.write(JSONSerializer,Object,Object,Type,int)"
"15","6","com.alibaba.fastjson.serializer.GuavaCodec.deserialze(DefaultJSONParser,Type,Object)"
"11","8","com.alibaba.fastjson.serializer.BigIntegerCodec.write(JSONSerializer,Object,Object,Type,int)"
"55","15","com.alibaba.fastjson.serializer.ObjectArrayCodec.write(JSONSerializer,Object,Object,Type,int)"
"43","16","com.alibaba.fastjson.serializer.ObjectArrayCodec.deserialze(DefaultJSONParser,Type,Object)"
"36","12","com.alibaba.fastjson.serializer.ObjectArrayCodec.toObjectArray(DefaultJSONParser,Class,JSONArray)"
"2","5","com.alibaba.fastjson.serializer.JSONSerializer.isWriteClassName(Type,Object)"
"10","9","com.alibaba.fastjson.serializer.JSONSerializer.containsReference(Object)"
"23","9","com.alibaba.fastjson.serializer.JSONSerializer.writeReference(Object)"
"2","9","com.alibaba.fastjson.serializer.JSONSerializer.checkValue(SerializeFilterable)"
"9","5","com.alibaba.fastjson.serializer.JSONSerializer.write(Object)"
"8","5","com.alibaba.fastjson.serializer.JSONSerializer.writeAs(Object,Class)"
"9","5","com.alibaba.fastjson.serializer.JSONSerializer.writeWithFieldName(Object,Object,Type,int)"
"53","21","com.alibaba.fastjson.serializer.JSONSerializer.writeWithFormat(Object,String)"
"12","8","com.alibaba.fastjson.serializer.ReferenceCodec.deserialze(DefaultJSONParser,Type,Object)"
"22","13","com.alibaba.fastjson.serializer.StringCodec.deserialze(DefaultJSONParser,Type,Object)"
"14","7","com.alibaba.fastjson.serializer.StringCodec.deserialze(DefaultJSONParser)"
"39","22","com.alibaba.fastjson.serializer.SerialContext.toString(StringBuilder)"
"14","6","com.alibaba.fastjson.serializer.DoubleSerializer.write(JSONSerializer,Object,Object,Type,int)"
"46","27","com.alibaba.fastjson.serializer.AnnotationSerializer.write(JSONSerializer,Object,Object,Type,int)"
"15","7","com.alibaba.fastjson.serializer.SerializeWriter.computeFeatures()"
"21","12","com.alibaba.fastjson.serializer.SerializeWriter.write(char[],int,int)"
"13","8","com.alibaba.fastjson.serializer.SerializeWriter.expandCapacity(int)"
"9","5","com.alibaba.fastjson.serializer.SerializeWriter.writeToEx(OutputStream,Charset)"
"7","5","com.alibaba.fastjson.serializer.SerializeWriter.toBytes(Charset)"
"16","7","com.alibaba.fastjson.serializer.SerializeWriter.writeInt(int)"
"50","18","com.alibaba.fastjson.serializer.SerializeWriter.writeByteArray(newcount[])"
"14","5","com.alibaba.fastjson.serializer.SerializeWriter.writeHex(quote[])"
"18","11","com.alibaba.fastjson.serializer.SerializeWriter.writeFloat(float,boolean)"
"18","11","com.alibaba.fastjson.serializer.SerializeWriter.writeDouble(double,boolean)"
"17","8","com.alibaba.fastjson.serializer.SerializeWriter.writeEnum(Enum)"
"32","14","com.alibaba.fastjson.serializer.SerializeWriter.writeLong(long)"
"20","11","com.alibaba.fastjson.serializer.SerializeWriter.writeNull(int,int)"
"260","100","com.alibaba.fastjson.serializer.SerializeWriter.writeStringWithDoubleQuote(String,char)"
"260","100","com.alibaba.fastjson.serializer.SerializeWriter.writeStringWithDoubleQuote(count[],char)"
"45","18","com.alibaba.fastjson.serializer.SerializeWriter.write(String)"
"28","8","com.alibaba.fastjson.serializer.SerializeWriter.writeFieldValue(char,String,boolean)"
"25","8","com.alibaba.fastjson.serializer.SerializeWriter.writeFieldValue(char,String,int)"
"25","9","com.alibaba.fastjson.serializer.SerializeWriter.writeFieldValue(char,String,long)"
"23","6","com.alibaba.fastjson.serializer.SerializeWriter.writeFieldValue(char,String,String)"
"163","49","com.alibaba.fastjson.serializer.SerializeWriter.writeFieldValueStringWithDoubleQuoteCheck(char,String,String)"
"13","6","com.alibaba.fastjson.serializer.SerializeWriter.writeFieldValue(char,String,Enum)"
"8","5","com.alibaba.fastjson.serializer.SerializeWriter.writeFieldValue(char,String,BigDecimal)"
"59","28","com.alibaba.fastjson.serializer.SerializeWriter.writeStringWithSingleQuote(String)"
"59","28","com.alibaba.fastjson.serializer.SerializeWriter.writeStringWithSingleQuote(count[])"
"26","11","com.alibaba.fastjson.serializer.SerializeWriter.writeFieldName(String,boolean)"
"70","23","com.alibaba.fastjson.serializer.SerializeWriter.writeKeyWithSingleQuoteIfHasSpecial(String)"
"8","5","com.alibaba.fastjson.serializer.SerializeWriter.flush()"
"37","16","com.alibaba.fastjson.serializer.AtomicCodec.write(JSONSerializer,Object,Object,Type,int)"
"15","7","com.alibaba.fastjson.serializer.AtomicCodec.deserialze(DefaultJSONParser,Type,Object)"
"20","9","com.alibaba.fastjson.serializer.ClobSeriliazer.write(JSONSerializer,Object,Object,Type,int)"
"43","16","com.alibaba.fastjson.serializer.CollectionCodec.write(JSONSerializer,Object,Object,Type,int)"
"12","5","com.alibaba.fastjson.serializer.CollectionCodec.deserialze(DefaultJSONParser,Type,Object)"
"17","7","com.alibaba.fastjson.serializer.IntegerCodec.write(JSONSerializer,Object,Object,Type,int)"
"32","11","com.alibaba.fastjson.serializer.IntegerCodec.deserialze(DefaultJSONParser,Type,Object)"
"30","16","com.alibaba.fastjson.serializer.CharArrayCodec.deserialze(DefaultJSONParser)"
"19","11","com.alibaba.fastjson.serializer.SerializeFilterable.addFilter(SerializeFilter)"
"10","9","com.alibaba.fastjson.serializer.SerializeFilterable.applyName(JSONSerializer,Object,String)"
"10","9","com.alibaba.fastjson.serializer.SerializeFilterable.apply(JSONSerializer,Object,String,Object)"
"8","5","com.alibaba.fastjson.serializer.SerializeFilterable.processKey(JSONSerializer,Object,String,Object)"
"28","20","com.alibaba.fastjson.serializer.SerializeFilterable.processValue(JSONSerializer,BeanContext,Object,String,Object,int)"
"15","5","com.alibaba.fastjson.asm.MethodWriter.MethodWriter(ClassWriter,int,String,String,String,String[])"
"13","5","com.alibaba.fastjson.asm.MethodWriter.visitVarInsn(int,int)"
"22","6","com.alibaba.fastjson.asm.MethodWriter.put(ByteVector)"
"17","11","com.alibaba.fastjson.asm.Type.getArgumentsAndReturnSizes(String)"
"35","25","com.alibaba.fastjson.asm.Type.getType(Type[],int)"
"23","8","com.alibaba.fastjson.asm.Type.getArgumentTypes(String)"
"28","22","com.alibaba.fastjson.asm.Type.getClassName()"
"16","6","com.alibaba.fastjson.asm.ByteVector.putUTF8(String)"
"11","5","com.alibaba.fastjson.asm.ClassWriter.visit(int,int,String,String,String[])"
"36","6","com.alibaba.fastjson.asm.ClassWriter.toByteArray()"
"19","10","com.alibaba.fastjson.asm.ClassWriter.newConstItem(Object)"
"49","17","com.alibaba.fastjson.asm.ClassReader.ClassReader(InputStream,boolean)"
"53","15","com.alibaba.fastjson.asm.ClassReader.accept(TypeCollector)"
"12","5","com.alibaba.fastjson.asm.ClassReader.getAttributes()"
"66","15","com.alibaba.fastjson.asm.ClassReader.readMethod(TypeCollector,TypeCollector[],int)"
"31","8","com.alibaba.fastjson.asm.ClassReader.readUTF(int,int,int[])"
"17","14","com.alibaba.fastjson.asm.TypeCollector.visitMethod(int,String,String)"
"17","8","com.alibaba.fastjson.asm.Item.set(int,String,String,String)"
"18","18","com.alibaba.fastjson.asm.Item.isEqualTo(Item)"
"210","65","com.alibaba.fastjson.util.RyuFloat.toString(float,float[],int)"
"31","7","com.alibaba.fastjson.util.IOUtils.getChars(long,int,int[])"
"21","6","com.alibaba.fastjson.util.IOUtils.getChars(int,int,int[])"
"17","5","com.alibaba.fastjson.util.IOUtils.getChars(byte,int,int[])"
"9","5","com.alibaba.fastjson.util.IOUtils.decode(CharsetDecoder,ByteBuffer,CharBuffer)"
"29","17","com.alibaba.fastjson.util.IOUtils.decodeBase64(IA[][],int,int)"
"29","17","com.alibaba.fastjson.util.IOUtils.decodeBase64(String,int,int)"
"30","17","com.alibaba.fastjson.util.IOUtils.decodeBase64(String)"
"47","16","com.alibaba.fastjson.util.IOUtils.encodeUTF8(int[],int,int,int[])"
"53","32","com.alibaba.fastjson.util.IOUtils.decodeUTF8(int[],int,int,int[])"
"11","5","com.alibaba.fastjson.util.IOUtils.readAll(Reader)"
"8","8","com.alibaba.fastjson.util.IOUtils.isValidJsonpQueryParam(String)"
"31","6","com.alibaba.fastjson.util.FieldInfo.FieldInfo(String,Class,Class,Type,Field,int,int,int)"
"89","29","com.alibaba.fastjson.util.FieldInfo.FieldInfo(String,Method,Field,Class,Type,int,int,int,JSONField,JSONField,String,Type)"
"9","6","com.alibaba.fastjson.util.FieldInfo.getAnnation(T)"
"44","20","com.alibaba.fastjson.util.FieldInfo.getFieldType(Class,Type,Type,Type)"
"19","9","com.alibaba.fastjson.util.FieldInfo.getArgument(Type[],Type)"
"20","10","com.alibaba.fastjson.util.FieldInfo.getArgument(Type[],TypeVariable[],Type[])"
"27","13","com.alibaba.fastjson.util.FieldInfo.getInheritGenericType(Class,Type,TypeVariable)"
"6","5","com.alibaba.fastjson.util.FieldInfo.getDeclaredClass()"
"30","34","com.alibaba.fastjson.util.FieldInfo.compareTo(FieldInfo)"
"30","20","com.alibaba.fastjson.util.TypeUtils.isXmlField(Class)"
"8","6","com.alibaba.fastjson.util.TypeUtils.getXmlAccessorType(Class)"
"8","6","com.alibaba.fastjson.util.TypeUtils.isClob(Class)"
"13","14","com.alibaba.fastjson.util.TypeUtils.castToByte(Object)"
"13","12","com.alibaba.fastjson.util.TypeUtils.castToChar(Object)"
"13","14","com.alibaba.fastjson.util.TypeUtils.castToShort(Object)"
"13","12","com.alibaba.fastjson.util.TypeUtils.castToBigDecimal(Object)"
"16","16","com.alibaba.fastjson.util.TypeUtils.castToBigInteger(Object)"
"13","13","com.alibaba.fastjson.util.TypeUtils.castToFloat(Object)"
"13","13","com.alibaba.fastjson.util.TypeUtils.castToDouble(Object)"
"78","51","com.alibaba.fastjson.util.TypeUtils.castToDate(Object,String)"
"30","21","com.alibaba.fastjson.util.TypeUtils.castToSqlDate(Object)"
"30","20","com.alibaba.fastjson.util.TypeUtils.castToSqlTime(Object)"
"44","31","com.alibaba.fastjson.util.TypeUtils.castToTimestamp(Object)"
"4","6","com.alibaba.fastjson.util.TypeUtils.num(char,char)"
"4","10","com.alibaba.fastjson.util.TypeUtils.num(char,char,char,char)"
"4","20","com.alibaba.fastjson.util.TypeUtils.num(char,char,char,char,char,char,char,char,char)"
"10","9","com.alibaba.fastjson.util.TypeUtils.isNumber(String)"
"30","24","com.alibaba.fastjson.util.TypeUtils.castToLong(Object)"
"7","6","com.alibaba.fastjson.util.TypeUtils.byteValue(BigDecimal)"
"7","6","com.alibaba.fastjson.util.TypeUtils.shortValue(BigDecimal)"
"7","6","com.alibaba.fastjson.util.TypeUtils.intValue(BigDecimal)"
"7","6","com.alibaba.fastjson.util.TypeUtils.longValue(BigDecimal)"
"29","26","com.alibaba.fastjson.util.TypeUtils.castToInt(Object)"
"6","6","com.alibaba.fastjson.util.TypeUtils.castToBytes(Object)"
"22","27","com.alibaba.fastjson.util.TypeUtils.castToBoolean(Object)"
"113","97","com.alibaba.fastjson.util.TypeUtils.cast(Object,T,ParserConfig)"
"7","5","com.alibaba.fastjson.util.TypeUtils.toLocale(String)"
"25","17","com.alibaba.fastjson.util.TypeUtils.castToEnum(Object,T,ParserConfig)"
"14","15","com.alibaba.fastjson.util.TypeUtils.cast(Object,Type,ParserConfig)"
"72","44","com.alibaba.fastjson.util.TypeUtils.cast(Object,ParameterizedType,ParserConfig)"
"77","44","com.alibaba.fastjson.util.TypeUtils.castToJavaBean(Object,T,ParserConfig)"
"8","6","com.alibaba.fastjson.util.TypeUtils.isPath(Class)"
"32","24","com.alibaba.fastjson.util.TypeUtils.loadClass(String,ClassLoader,boolean)"
"48","18","com.alibaba.fastjson.util.TypeUtils.buildBeanInfo(Class,String,PropertyNamingStrategy,boolean)"
"225","94","com.alibaba.fastjson.util.TypeUtils.computeGetters(Class,JSONType,String,Field,boolean,PropertyNamingStrategy)"
"24","10","com.alibaba.fastjson.util.TypeUtils.getFieldInfos(Class,boolean,FieldInfo)"
"27","11","com.alibaba.fastjson.util.TypeUtils.computeFields(Class,String,PropertyNamingStrategy,FieldInfo,Field[])"
"6","5","com.alibaba.fastjson.util.TypeUtils.getPropertyNameByCompatibleFieldName(Field,String,String,int)"
"43","22","com.alibaba.fastjson.util.TypeUtils.getSuperMethodAnnotation(Class,Method)"
"17","13","com.alibaba.fastjson.util.TypeUtils.isJSONTypeIgnore(Class,String)"
"7","6","com.alibaba.fastjson.util.TypeUtils.isGenericParamType(Type)"
"6","5","com.alibaba.fastjson.util.TypeUtils.getGenericParamType(Type)"
"11","6","com.alibaba.fastjson.util.TypeUtils.unwrapOptional(Type)"
"15","12","com.alibaba.fastjson.util.TypeUtils.getClass(Type)"
"12","14","com.alibaba.fastjson.util.TypeUtils.getField(Class,String,Field[])"
"8","8","com.alibaba.fastjson.util.TypeUtils.decapitalize(String)"
"8","6","com.alibaba.fastjson.util.TypeUtils.setAccessible(AccessibleObject)"
"6","5","com.alibaba.fastjson.util.TypeUtils.getCollectionItemType(Type)"
"13","6","com.alibaba.fastjson.util.TypeUtils.getCollectionItemType(ParameterizedType)"
"9","6","com.alibaba.fastjson.util.TypeUtils.getCollectionSuperType(Class)"
"10","7","com.alibaba.fastjson.util.TypeUtils.getActualType(Type,Type)"
"17","9","com.alibaba.fastjson.util.TypeUtils.getCollectionItemClass(Type)"
"35","13","com.alibaba.fastjson.util.TypeUtils.checkPrimitiveArray(GenericArrayType)"
"33","12","com.alibaba.fastjson.util.TypeUtils.createCollection(Type)"
"16","10","com.alibaba.fastjson.util.TypeUtils.getRawClass(Type)"
"10","10","com.alibaba.fastjson.util.TypeUtils.isProxy(Class)"
"12","7","com.alibaba.fastjson.util.TypeUtils.isTransient(Method)"
"8","7","com.alibaba.fastjson.util.TypeUtils.isAnnotationPresentOneToMany(Method)"
"8","8","com.alibaba.fastjson.util.TypeUtils.isAnnotationPresentManyToMany(Method)"
"13","9","com.alibaba.fastjson.util.TypeUtils.isHibernateInitialized(Object)"
"46","33","com.alibaba.fastjson.util.TypeUtils.parseDouble(String)"
"46","33","com.alibaba.fastjson.util.TypeUtils.parseFloat(String)"
"11","6","com.alibaba.fastjson.util.TypeUtils.fnv1a_64_lower(String)"
"6","5","com.alibaba.fastjson.util.TypeUtils.isKotlin(Class)"
"12","8","com.alibaba.fastjson.util.TypeUtils.getKoltinConstructor(Constructor[],String[])"
"46","25","com.alibaba.fastjson.util.TypeUtils.getKoltinConstructorParameters(Class)"
"20","7","com.alibaba.fastjson.util.TypeUtils.isKotlinIgnore(Class,String)"
"21","13","com.alibaba.fastjson.util.TypeUtils.getAnnotation(Class,A)"
"21","10","com.alibaba.fastjson.util.TypeUtils.getAnnotation(Field,A)"
"22","10","com.alibaba.fastjson.util.TypeUtils.getAnnotation(Method,A)"
"23","10","com.alibaba.fastjson.util.TypeUtils.getParameterAnnotations(Method)"
"33","13","com.alibaba.fastjson.util.TypeUtils.getParameterAnnotations(Constructor)"
"8","7","com.alibaba.fastjson.util.TypeUtils.isJacksonCreator(Method)"
"13","7","com.alibaba.fastjson.util.IdentityHashMap.findClass(String)"
"8","5","com.alibaba.fastjson.util.ASMUtils.desc(Class)"
"9","5","com.alibaba.fastjson.util.ASMUtils.type(Class)"
"28","20","com.alibaba.fastjson.util.ASMUtils.getPrimitiveLetter(Class)"
"6","6","com.alibaba.fastjson.util.ASMUtils.checkName(String)"
"47","18","com.alibaba.fastjson.util.ASMUtils.lookupParameterNames(AccessibleObject)"
"82","26","com.alibaba.fastjson.util.JavaBeanInfo.JavaBeanInfo(Class,Class,Constructor,Constructor,Method,Method,JSONType,FieldInfo)"
"8","8","com.alibaba.fastjson.util.JavaBeanInfo.getField(FieldInfo,String)"
"17","10","com.alibaba.fastjson.util.JavaBeanInfo.add(FieldInfo,FieldInfo)"
"19","9","com.alibaba.fastjson.util.JavaBeanInfo.buildGenericInfo(Class)"
"375","175","com.alibaba.fastjson.util.JavaBeanInfo.build(Class,Type,PropertyNamingStrategy,boolean,boolean,boolean)"
"32","16","com.alibaba.fastjson.util.JavaBeanInfo.computeFields(Class,Type,PropertyNamingStrategy,FieldInfo,Field[])"
"16","11","com.alibaba.fastjson.util.JavaBeanInfo.getDefaultConstructor(Class,Constructor[])"
"31","18","com.alibaba.fastjson.util.JavaBeanInfo.getCreatorConstructor(Constructor[])"
"18","11","com.alibaba.fastjson.util.JavaBeanInfo.getFactoryMethod(Class,Method[],boolean)"
"9","8","com.alibaba.fastjson.util.JavaBeanInfo.getBuilderClass(Class,JSONType)"
"384","103","com.alibaba.fastjson.util.RyuDouble.toString(double,double[],int)"
"7","6","com.alibaba.fastjson.util.ASMClassLoader.loadClass(String,boolean)"
"10","6","com.alibaba.fastjson.util.ASMClassLoader.isExternalClass(Class)"
"11","12","com.alibaba.fastjson.util.ParameterizedTypeImpl.equals(Object)"
"21","8","com.alibaba.fastjson.util.ServiceLoader.load(T,ClassLoader)"
"19","5","com.alibaba.fastjson.util.ServiceLoader.load(URL,String)"
"15","7","com.alibaba.fastjson.JSON.config(Properties)"
"7","5","com.alibaba.fastjson.JSON.parse(Object[],int,int,CharsetDecoder,Feature)"
"7","6","com.alibaba.fastjson.JSON.parseObject(String)"
"18","10","com.alibaba.fastjson.JSON.parseObject(String,Type,ParserConfig,ParseProcess,int,Feature)"
"15","7","com.alibaba.fastjson.JSON.parseObject(T[],int,int,Charset,Type,ParserConfig,ParseProcess,int,Feature)"
"11","5","com.alibaba.fastjson.JSON.parseObject(T[],int,Type,Feature)"
"15","5","com.alibaba.fastjson.JSON.parseObject(InputStream,Charset,Type,ParserConfig,ParseProcess,int,Feature)"
"18","5","com.alibaba.fastjson.JSON.parseArray(String)"
"19","6","com.alibaba.fastjson.JSON.parseArray(String,T)"
"13","6","com.alibaba.fastjson.JSON.toJSONString(Object,SerializeConfig,SerializeFilter[],String,int,SerializerFeature)"
"13","6","com.alibaba.fastjson.JSON.toJSONBytes(Charset,Object,SerializeConfig,SerializeFilter[],String,int,SerializerFeature)"
"14","6","com.alibaba.fastjson.JSON.writeJSONString(OutputStream,Charset,Object,SerializeConfig,SerializeFilter[],String,int,SerializerFeature)"
"58","27","com.alibaba.fastjson.JSON.toJSON(Object,SerializeConfig)"
"4","6","com.alibaba.fastjson.JSON.toJavaObject(T)"
"31","19","com.alibaba.fastjson.JSON.isValid(String)"
"16","11","com.alibaba.fastjson.JSON.isValidObject(String)"
"14","9","com.alibaba.fastjson.JSON.isValidArray(String)"
"12","5","com.alibaba.fastjson.JSONValidator.validate()"
"158","85","com.alibaba.fastjson.JSONValidator.any()"
"19","5","com.alibaba.fastjson.JSONValidator.fieldName()"
"2","6","com.alibaba.fastjson.JSONValidator.isWhiteSpace(char)"
"28","8","com.alibaba.fastjson.JSONValidator.UTF8InputStreamValidator.next()"
"28","8","com.alibaba.fastjson.JSONValidator.ReaderValidator.next()"
"8","6","com.alibaba.fastjson.parser.JSONScanner.charArrayCompare(String,int,int[])"
"18","10","com.alibaba.fastjson.parser.JSONScanner.bytesValue()"
"11","5","com.alibaba.fastjson.parser.JSONScanner.subString(int,int)"
"6","6","com.alibaba.fastjson.parser.JSONScanner.numberString()"
"13","8","com.alibaba.fastjson.parser.JSONScanner.decimalValue()"
"355","180","com.alibaba.fastjson.parser.JSONScanner.scanISO8601DateIfMatch(boolean,int)"
"33","32","com.alibaba.fastjson.parser.JSONScanner.checkTime(char,char,char,char,char,char)"
"32","37","com.alibaba.fastjson.parser.JSONScanner.checkDate(char,char,char,char,char,char,int,int)"
"93","37","com.alibaba.fastjson.parser.JSONScanner.scanFieldInt(int[])"
"79","26","com.alibaba.fastjson.parser.JSONScanner.scanFieldString(String[])"
"91","35","com.alibaba.fastjson.parser.JSONScanner.scanFieldDate(java.util.Date[])"
"60","20","com.alibaba.fastjson.parser.JSONScanner.scanFieldSymbol(long[])"
"114","39","com.alibaba.fastjson.parser.JSONScanner.scanFieldStringArray(String[],Class)"
"95","37","com.alibaba.fastjson.parser.JSONScanner.scanFieldLong(long[])"
"110","47","com.alibaba.fastjson.parser.JSONScanner.scanFieldBoolean(boolean[])"
"82","38","com.alibaba.fastjson.parser.JSONScanner.scanInt(char)"
"107","44","com.alibaba.fastjson.parser.JSONScanner.scanDouble(char)"
"77","36","com.alibaba.fastjson.parser.JSONScanner.scanLong(char)"
"100","37","com.alibaba.fastjson.parser.JSONScanner.scanDate(char)"
"74","26","com.alibaba.fastjson.parser.JSONScanner.scanFieldStringArray(String[][],int,SymbolTable)"
"17","7","com.alibaba.fastjson.parser.JSONScanner.matchField2(boolean[])"
"58","26","com.alibaba.fastjson.parser.JSONScanner.skipObject(boolean)"
"44","19","com.alibaba.fastjson.parser.JSONScanner.skipArray(boolean)"
"15","9","com.alibaba.fastjson.parser.JSONScanner.skipString()"
"58","26","com.alibaba.fastjson.parser.JSONScanner.seekArrayToItem(int)"
"159","111","com.alibaba.fastjson.parser.JSONScanner.seekObjectToField(long,boolean)"
"111","78","com.alibaba.fastjson.parser.JSONScanner.seekObjectToField(int[])"
"16","8","com.alibaba.fastjson.parser.JSONScanner.scanTypeName(SymbolTable)"
"89","39","com.alibaba.fastjson.parser.deserializer.ThrowableDeserializer.deserialze(DefaultJSONParser,Type,Object)"
"22","14","com.alibaba.fastjson.parser.deserializer.ThrowableDeserializer.createException(String,Throwable,Class)"
"113","52","com.alibaba.fastjson.parser.deserializer.StackTraceElementDeserializer.deserialze(DefaultJSONParser,Type,Object)"
"75","47","com.alibaba.fastjson.parser.deserializer.FieldDeserializer.setValue(Object,Object)"
"18","7","com.alibaba.fastjson.parser.deserializer.ArrayListTypeFieldDeserializer.parseField(DefaultJSONParser,Object,Type,Object)"
"80","30","com.alibaba.fastjson.parser.deserializer.ArrayListTypeFieldDeserializer.parseArray(DefaultJSONParser,Type,Collection)"
"15","11","com.alibaba.fastjson.parser.deserializer.JavaObjectDeserializer.deserialze(DefaultJSONParser,Type,Object)"
"27","15","com.alibaba.fastjson.parser.deserializer.OptionalCodec.deserialze(DefaultJSONParser,Type,Object)"
"34","16","com.alibaba.fastjson.parser.deserializer.OptionalCodec.write(JSONSerializer,Object,Object,Type,int)"
"105","42","com.alibaba.fastjson.parser.deserializer.AbstractDateDeserializer.deserialze(DefaultJSONParser,Type,Object,String,int)"
"45","17","com.alibaba.fastjson.parser.deserializer.EnumDeserializer.EnumDeserializer(Class)"
"7","5","com.alibaba.fastjson.parser.deserializer.EnumDeserializer.getEnumByHashCode(long)"
"42","25","com.alibaba.fastjson.parser.deserializer.EnumDeserializer.deserialze(DefaultJSONParser,Type,Object)"
"32","9","com.alibaba.fastjson.parser.deserializer.JSONPDeserializer.deserialze(DefaultJSONParser,Type,Object)"
"20","9","com.alibaba.fastjson.parser.deserializer.ResolveFieldDeserializer.setValue(Object,Object)"
"63","54","com.alibaba.fastjson.parser.deserializer.NumberDeserializer.deserialze(DefaultJSONParser,Type,Object)"
"23","7","com.alibaba.fastjson.parser.deserializer.JavaBeanDeserializer.JavaBeanDeserializer(ParserConfig,JavaBeanInfo)"
"25","14","com.alibaba.fastjson.parser.deserializer.JavaBeanDeserializer.getFieldDeserializer(String,String[])"
"22","10","com.alibaba.fastjson.parser.deserializer.JavaBeanDeserializer.getFieldDeserializer(long)"
"9","6","com.alibaba.fastjson.parser.deserializer.JavaBeanDeserializer.isSetFlag(int,int[])"
"57","40","com.alibaba.fastjson.parser.deserializer.JavaBeanDeserializer.createInstance(DefaultJSONParser,Type)"
"73","25","com.alibaba.fastjson.parser.deserializer.JavaBeanDeserializer.deserialzeArrayMapping(DefaultJSONParser,Type,Object,Object)"
"500","233","com.alibaba.fastjson.parser.deserializer.JavaBeanDeserializer.deserialze(DefaultJSONParser,Type,Object,Object,int,int[])"
"18","11","com.alibaba.fastjson.parser.deserializer.JavaBeanDeserializer.scanEnum(JSONLexerBase,JSONLexerBase[],ObjectDeserializer)"
"109","48","com.alibaba.fastjson.parser.deserializer.JavaBeanDeserializer.parseField(DefaultJSONParser,String,Object,Type,Object,Object[])"
"38","20","com.alibaba.fastjson.parser.deserializer.JavaBeanDeserializer.smartMatch(String,String[])"
"158","69","com.alibaba.fastjson.parser.deserializer.JavaBeanDeserializer.createInstance(Object,ParserConfig)"
"14","9","com.alibaba.fastjson.parser.deserializer.JavaBeanDeserializer.getSeeAlso(ParserConfig,JavaBeanInfo,String)"
"41","12","com.alibaba.fastjson.parser.deserializer.JavaBeanDeserializer.parseArray(Collection,ObjectDeserializer,DefaultJSONParser,Type,Object)"
"49","28","com.alibaba.fastjson.parser.deserializer.TimeDeserializer.deserialze(DefaultJSONParser,Type,Object)"
"386","31","com.alibaba.fastjson.parser.deserializer.ASMDeserializerFactory._deserialzeArrayMapping(ClassWriter,Context)"
"437","59","com.alibaba.fastjson.parser.deserializer.ASMDeserializerFactory._deserialze(ClassWriter,Context)"
"56","15","com.alibaba.fastjson.parser.deserializer.ASMDeserializerFactory._loadAndSet(Context,MethodVisitor,FieldInfo)"
"125","5","com.alibaba.fastjson.parser.deserializer.ASMDeserializerFactory._deserialze_list_obj(Context,MethodVisitor,Label,FieldInfo,Class,Class,int)"
"36","9","com.alibaba.fastjson.parser.deserializer.ASMDeserializerFactory._newCollection(MethodVisitor,Class,int,boolean)"
"30","6","com.alibaba.fastjson.parser.deserializer.ASMDeserializerFactory._init(ClassWriter,Context)"
"35","16","com.alibaba.fastjson.parser.deserializer.SqlDateDeserializer.cast(DefaultJSONParser,Type,Object,Object)"
"32","21","com.alibaba.fastjson.parser.deserializer.SqlDateDeserializer.castTimestamp(DefaultJSONParser,Type,Object,Object)"
"17","10","com.alibaba.fastjson.parser.deserializer.MapDeserializer.deserialze(DefaultJSONParser,Type,Object)"
"15","6","com.alibaba.fastjson.parser.deserializer.MapDeserializer.deserialze(DefaultJSONParser,Type,Object,Map)"
"98","40","com.alibaba.fastjson.parser.deserializer.MapDeserializer.parseMap(DefaultJSONParser,Object,Type,Object)"
"63","28","com.alibaba.fastjson.parser.deserializer.MapDeserializer.parseMap(DefaultJSONParser,Object,Type,Type,Object)"
"32","31","com.alibaba.fastjson.parser.deserializer.MapDeserializer.createMap(Type,int)"
"130","67","com.alibaba.fastjson.parser.deserializer.Jdk8DateCodec.deserialze(DefaultJSONParser,Type,Object,String,int)"
"80","44","com.alibaba.fastjson.parser.deserializer.Jdk8DateCodec.parseDateTime(String,DateTimeFormatter)"
"52","28","com.alibaba.fastjson.parser.deserializer.Jdk8DateCodec.parseLocalDate(String,String,DateTimeFormatter)"
"65","34","com.alibaba.fastjson.parser.deserializer.Jdk8DateCodec.parseZonedDateTime(String,DateTimeFormatter)"
"32","11","com.alibaba.fastjson.parser.deserializer.Jdk8DateCodec.write(JSONSerializer,Object,Object,Type,int)"
"29","12","com.alibaba.fastjson.parser.deserializer.Jdk8DateCodec.write(SerializeWriter,TemporalAccessor,String)"
"11","6","com.alibaba.fastjson.parser.deserializer.DefaultFieldDeserializer.getFieldValueDeserilizer(ParserConfig)"
"46","19","com.alibaba.fastjson.parser.deserializer.DefaultFieldDeserializer.parseField(DefaultJSONParser,Object,Type,Object)"
"19","9","com.alibaba.fastjson.parser.SymbolTable.addSymbol(String[],int,int,int)"
"14","9","com.alibaba.fastjson.parser.SymbolTable.addSymbol(String,int,int,int,boolean)"
"56","53","com.alibaba.fastjson.parser.JSONToken.name(int)"
"105","60","com.alibaba.fastjson.parser.JSONLexerBase.nextToken()"
"100","57","com.alibaba.fastjson.parser.JSONLexerBase.nextToken(int)"
"7","5","com.alibaba.fastjson.parser.JSONLexerBase.nextIdent()"
"11","11","com.alibaba.fastjson.parser.JSONLexerBase.nextTokenWithChar(char)"
"63","30","com.alibaba.fastjson.parser.JSONLexerBase.integerValue()"
"8","6","com.alibaba.fastjson.parser.JSONLexerBase.floatValue()"
"25","13","com.alibaba.fastjson.parser.JSONLexerBase.skipComment()"
"22","15","com.alibaba.fastjson.parser.JSONLexerBase.scanSymbol(SymbolTable)"
"141","35","com.alibaba.fastjson.parser.JSONLexerBase.scanSymbol(SymbolTable,char)"
"29","19","com.alibaba.fastjson.parser.JSONLexerBase.scanSymbolUnQuoted(SymbolTable)"
"112","47","com.alibaba.fastjson.parser.JSONLexerBase.scanString()"
"36","16","com.alibaba.fastjson.parser.JSONLexerBase.intValue()"
"4","6","com.alibaba.fastjson.parser.JSONLexerBase.isRef()"
"40","16","com.alibaba.fastjson.parser.JSONLexerBase.scanType(String)"
"26","11","com.alibaba.fastjson.parser.JSONLexerBase.matchField(boolean[])"
"68","21","com.alibaba.fastjson.parser.JSONLexerBase.scanFieldString(String[])"
"69","25","com.alibaba.fastjson.parser.JSONLexerBase.scanString(char)"
"55","18","com.alibaba.fastjson.parser.JSONLexerBase.scanFieldSymbol(long[])"
"55","20","com.alibaba.fastjson.parser.JSONLexerBase.scanEnumSymbol(long[])"
"48","19","com.alibaba.fastjson.parser.JSONLexerBase.scanSymbolWithSeperator(SymbolTable,char)"
"13","10","com.alibaba.fastjson.parser.JSONLexerBase.newCollectionByType(Class)"
"90","33","com.alibaba.fastjson.parser.JSONLexerBase.scanFieldStringArray(String[],Class)"
"65","30","com.alibaba.fastjson.parser.JSONLexerBase.scanStringArray(String,char)"
"65","29","com.alibaba.fastjson.parser.JSONLexerBase.scanFieldInt(int[])"
"82","28","com.alibaba.fastjson.parser.JSONLexerBase.scanFieldIntArray(value[][])"
"42","18","com.alibaba.fastjson.parser.JSONLexerBase.scanBoolean(char)"
"71","32","com.alibaba.fastjson.parser.JSONLexerBase.scanInt(char)"
"73","29","com.alibaba.fastjson.parser.JSONLexerBase.scanFieldBoolean(boolean[])"
"66","28","com.alibaba.fastjson.parser.JSONLexerBase.scanFieldLong(long[])"
"78","36","com.alibaba.fastjson.parser.JSONLexerBase.scanLong(char)"
"137","53","com.alibaba.fastjson.parser.JSONLexerBase.scanFieldFloat(float[])"
"108","44","com.alibaba.fastjson.parser.JSONLexerBase.scanFloat(char)"
"108","44","com.alibaba.fastjson.parser.JSONLexerBase.scanDouble(char)"
"122","48","com.alibaba.fastjson.parser.JSONLexerBase.scanDecimal(char)"
"117","43","com.alibaba.fastjson.parser.JSONLexerBase.scanFieldFloatArray(value[][])"
"138","49","com.alibaba.fastjson.parser.JSONLexerBase.scanFieldFloatArray2(array[][][])"
"137","53","com.alibaba.fastjson.parser.JSONLexerBase.scanFieldDouble(double[])"
"125","50","com.alibaba.fastjson.parser.JSONLexerBase.scanFieldDecimal(BigDecimal[])"
"113","42","com.alibaba.fastjson.parser.JSONLexerBase.scanFieldBigInteger(BigInteger[])"
"98","35","com.alibaba.fastjson.parser.JSONLexerBase.scanFieldDate(java.util.Date[])"
"102","37","com.alibaba.fastjson.parser.JSONLexerBase.scanDate(char)"
"182","79","com.alibaba.fastjson.parser.JSONLexerBase.scanFieldUUID(java.util.UUID[])"
"179","77","com.alibaba.fastjson.parser.JSONLexerBase.scanUUID(char)"
"17","22","com.alibaba.fastjson.parser.JSONLexerBase.scanTrue()"
"27","37","com.alibaba.fastjson.parser.JSONLexerBase.scanNullOrNew(boolean)"
"20","24","com.alibaba.fastjson.parser.JSONLexerBase.scanFalse()"
"32","10","com.alibaba.fastjson.parser.JSONLexerBase.scanIdent()"
"74","25","com.alibaba.fastjson.parser.JSONLexerBase.readString(String[],int)"
"9","5","com.alibaba.fastjson.parser.JSONLexerBase.isBlankInput()"
"14","10","com.alibaba.fastjson.parser.JSONLexerBase.skipWhitespace()"
"103","46","com.alibaba.fastjson.parser.JSONLexerBase.scanStringSingleQuote()"
"25","14","com.alibaba.fastjson.parser.JSONLexerBase.scanHex()"
"64","24","com.alibaba.fastjson.parser.JSONLexerBase.scanNumber()"
"36","16","com.alibaba.fastjson.parser.JSONLexerBase.longValue()"
"12","10","com.alibaba.fastjson.parser.JSONLexerBase.decimalValue(boolean)"
"2","7","com.alibaba.fastjson.parser.JSONLexerBase.isWhitespace(char)"
"17","8","com.alibaba.fastjson.parser.ParserConfig.ParserConfig(ASMDeserializerFactory,ClassLoader,boolean)"
"19","12","com.alibaba.fastjson.parser.ParserConfig.getDeserializer(Type)"
"127","75","com.alibaba.fastjson.parser.ParserConfig.getDeserializer(Class,Type)"
"8","5","com.alibaba.fastjson.parser.ParserConfig.initJavaBeanDeserializers(Class)"
"77","56","com.alibaba.fastjson.parser.ParserConfig.createJavaBeanDeserializer(Class,Type)"
"12","7","com.alibaba.fastjson.parser.ParserConfig.createFieldDeserializer(ParserConfig,JavaBeanInfo,FieldInfo)"
"8","5","com.alibaba.fastjson.parser.ParserConfig.get(Type)"
"2","17","com.alibaba.fastjson.parser.ParserConfig.isPrimitive2(Class)"
"8","5","com.alibaba.fastjson.parser.ParserConfig.parserAllFieldToCache(Class,Field)"
"21","14","com.alibaba.fastjson.parser.ParserConfig.getFieldFromCache(String,Field)"
"14","8","com.alibaba.fastjson.parser.ParserConfig.addDenyInternal(String)"
"11","6","com.alibaba.fastjson.parser.ParserConfig.addDeny(String)"
"11","6","com.alibaba.fastjson.parser.ParserConfig.addAccept(String)"
"106","76","com.alibaba.fastjson.parser.ParserConfig.checkAutoType(String,Class,int)"
"15","6","com.alibaba.fastjson.parser.JSONReaderScanner.JSONReaderScanner(Reader,int)"
"31","16","com.alibaba.fastjson.parser.JSONReaderScanner.charAt(int)"
"9","5","com.alibaba.fastjson.parser.JSONReaderScanner.indexOf(char,int)"
"29","14","com.alibaba.fastjson.parser.JSONReaderScanner.next()"
"10","7","com.alibaba.fastjson.parser.JSONReaderScanner.stringVal()"
"8","5","com.alibaba.fastjson.parser.JSONReaderScanner.sub_chars(int,int)"
"10","7","com.alibaba.fastjson.parser.JSONReaderScanner.numberString()"
"9","7","com.alibaba.fastjson.parser.JSONReaderScanner.decimalValue()"
"9","5","com.alibaba.fastjson.parser.JSONReaderScanner.isBlankInput()"
"321","152","com.alibaba.fastjson.parser.DefaultJSONParser.parseObject(Map,Object)"
"25","18","com.alibaba.fastjson.parser.DefaultJSONParser.parseObject(Type,Object)"
"58","17","com.alibaba.fastjson.parser.DefaultJSONParser.parseArray(Type,Collection,Object)"
"77","34","com.alibaba.fastjson.parser.DefaultJSONParser.parseArray(Type[])"
"54","21","com.alibaba.fastjson.parser.DefaultJSONParser.parseObject(Object)"
"39","21","com.alibaba.fastjson.parser.DefaultJSONParser.parseArrayWithType(Type)"
"11","6","com.alibaba.fastjson.parser.DefaultJSONParser.acceptType(String)"
"8","5","com.alibaba.fastjson.parser.DefaultJSONParser.parseObject()"
"85","29","com.alibaba.fastjson.parser.DefaultJSONParser.parseArray(Collection,Object)"
"8","5","com.alibaba.fastjson.parser.DefaultJSONParser.popContext()"
"79","44","com.alibaba.fastjson.parser.DefaultJSONParser.parse(Object)"
"8","7","com.alibaba.fastjson.parser.DefaultJSONParser.resolveReference(String)"
"27","15","com.alibaba.fastjson.parser.DefaultJSONParser.handleResovleTask(Object)"
"17","9","com.alibaba.fastjson.parser.DefaultJSONParser.parseExtra(Object,String)"
"94","39","com.alibaba.fastjson.parser.DefaultJSONParser.parse(PropertyProcessable,Object)"
"11","5","com.alibaba.fastjson.JSONPObject.write(JSONSerializer,Object,Type,int)"
"9","7","com.alibaba.fastjson.JSONObject.getJSONObject(String)"
"9","7","com.alibaba.fastjson.JSONObject.getJSONArray(String)"
"56","33","com.alibaba.fastjson.JSONObject.invoke(Object,Method,Object[])"
"15","8","com.alibaba.fastjson.JSONObject.readObject(java.io.ObjectInputStream)"
"12","5","com.alibaba.fastjson.JSONObject.SecureObjectInputStream.ensureFields()"
"10","6","com.alibaba.fastjson.JSONObject.SecureObjectInputStream.resolveClass(ObjectStreamClass)"
"6","8","com.alibaba.fastjson.JSONObject.toJavaObject(T)"
"6","6","com.alibaba.fastjson.JSONObject.toJavaObject(T,ParserConfig,int)"
"15","7","com.alibaba.fastjson.JSONReader.startStructure()"
"21","8","com.alibaba.fastjson.JSONReader.endStructure()"
"14","10","com.alibaba.fastjson.JSONReader.hasNext()"
"15","5","com.alibaba.fastjson.JSONReader.readObject()"
"18","7","com.alibaba.fastjson.JSONReader.readBefore()"
"22","8","com.alibaba.fastjson.JSONReader.readAfter()"
"13","6","com.alibaba.fastjson.support.moneta.MonetaCodec.deserialze(DefaultJSONParser,Type,Object)"
"7","6","com.alibaba.fastjson.support.jaxrs.FastJsonProvider.isAssignableFrom(Class,Class[])"
"9","8","com.alibaba.fastjson.support.jaxrs.FastJsonProvider.isValidType(Class,Annotation[])"
"5","9","com.alibaba.fastjson.support.jaxrs.FastJsonProvider.hasMatchingMediaType(MediaType)"
"6","5","com.alibaba.fastjson.support.jaxrs.FastJsonProvider.isWriteable(Class,Type,Annotation[],MediaType)"
"15","5","com.alibaba.fastjson.support.jaxrs.FastJsonProvider.writeTo(Object,Class,Type,Annotation[],MediaType,Object,OutputStream)"
"6","5","com.alibaba.fastjson.support.jaxrs.FastJsonProvider.isReadable(Class,Type,Annotation[],MediaType)"
"8","5","com.alibaba.fastjson.support.jaxrs.FastJsonProvider.locateConfigProvider(Class,MediaType)"
"10","5","com.alibaba.fastjson.support.jaxrs.FastJsonFeature.configure(FeatureContext)"
"70","16","com.alibaba.fastjson.support.hsf.HSFJSONUtils.parseInvocationArguments(String,MethodLocator)"
"6","6","com.alibaba.fastjson.support.spring.GenericFastJsonRedisSerializer.serialize(Object)"
"6","7","com.alibaba.fastjson.support.spring.GenericFastJsonRedisSerializer.deserialize(Object[])"
"6","6","com.alibaba.fastjson.support.spring.FastJsonRedisSerializer.serialize(T)"
"6","7","com.alibaba.fastjson.support.spring.FastJsonRedisSerializer.deserialize(T[])"
"7","6","com.alibaba.fastjson.support.spring.FastJsonHttpMessageConverter.readType(Type,HttpInputMessage)"
"28","9","com.alibaba.fastjson.support.spring.FastJsonHttpMessageConverter.writeInternal(Object,HttpOutputMessage)"
"24","11","com.alibaba.fastjson.support.spring.FastJsonHttpMessageConverter.Spring4TypeResolvableHelper.getType(Type,Class)"
"16","10","com.alibaba.fastjson.support.spring.FastJsonHttpMessageConverter.Spring4TypeResolvableHelper.resolveVariable(TypeVariable,ResolvableType)"
"9","6","com.alibaba.fastjson.support.spring.FastJsonJsonView.getJsonpParameterValue(HttpServletRequest)"
"11","9","com.alibaba.fastjson.support.spring.FastJsonJsonView.filterModel(Object)"
"13","6","com.alibaba.fastjson.support.spring.messaging.MappingFastJsonMessageConverter.convertToInternal(Object,MessageHeaders,Object)"
"15","6","com.alibaba.fastjson.JSONWriter.beginStructure()"
"21","8","com.alibaba.fastjson.JSONWriter.endStructure()"
"18","8","com.alibaba.fastjson.JSONWriter.beforeWrite()"
"22","9","com.alibaba.fastjson.JSONWriter.afterWriter()"
"20","7","com.alibaba.fastjson.TypeReference.TypeReference(Type)"
"13","7","com.alibaba.fastjson.TypeReference.handlerParameterizedType(ParameterizedType,Type[],int)"
"9","5","com.alibaba.fastjson.JSONPath.isRef()"
"37","23","com.alibaba.fastjson.JSONPath.extract(DefaultJSONParser)"
"13","9","com.alibaba.fastjson.JSONPath.contains(Object)"
"14","10","com.alibaba.fastjson.JSONPath.containsValue(Object,Object)"
"40","21","com.alibaba.fastjson.JSONPath.arrayAdd(Object,Object)"
"61","37","com.alibaba.fastjson.JSONPath.remove(Object)"
"59","23","com.alibaba.fastjson.JSONPath.set(Object,Object,boolean)"
"10","5","com.alibaba.fastjson.JSONPath.compile(String)"
"49","32","com.alibaba.fastjson.JSONPath.paths(String,Object,String,Object,SerializeConfig)"
"58","47","com.alibaba.fastjson.JSONPath.JSONPathParser.readSegement()"
"7","9","com.alibaba.fastjson.JSONPath.JSONPathParser.skipWhitespace()"
"395","202","com.alibaba.fastjson.JSONPath.JSONPathParser.parseArrayAccessFilter(boolean)"
"16","9","com.alibaba.fastjson.JSONPath.JSONPathParser.filterRest(Filter)"
"10","5","com.alibaba.fastjson.JSONPath.JSONPathParser.readLongValue()"
"13","11","com.alibaba.fastjson.JSONPath.JSONPathParser.readValue()"
"70","22","com.alibaba.fastjson.JSONPath.JSONPathParser.readOp()"
"21","11","com.alibaba.fastjson.JSONPath.JSONPathParser.readName()"
"22","12","com.alibaba.fastjson.JSONPath.JSONPathParser.explain()"
"57","34","com.alibaba.fastjson.JSONPath.JSONPathParser.buildArraySegement(String)"
"16","7","com.alibaba.fastjson.JSONPath.MaxSegment.eval(JSONPath,Object,Object)"
"16","7","com.alibaba.fastjson.JSONPath.MinSegment.eval(JSONPath,Object,Object)"
"64","26","com.alibaba.fastjson.JSONPath.compare(Object,Object)"
"138","53","com.alibaba.fastjson.JSONPath.PropertySegment.extract(JSONPath,DefaultJSONParser,Context)"
"35","9","com.alibaba.fastjson.JSONPath.MultiPropertySegment.extract(JSONPath,DefaultJSONParser,Context)"
"20","10","com.alibaba.fastjson.JSONPath.WildCardSegment.extract(JSONPath,DefaultJSONParser,Context)"
"15","8","com.alibaba.fastjson.JSONPath.MultiIndexSegment.extract(JSONPath,DefaultJSONParser,Context)"
"12","7","com.alibaba.fastjson.JSONPath.RangeSegment.eval(JSONPath,Object,Object)"
"10","7","com.alibaba.fastjson.JSONPath.IntInSegement.apply(JSONPath,Object,Object,Object)"
"9","7","com.alibaba.fastjson.JSONPath.IntBetweenSegement.apply(JSONPath,Object,Object,Object)"
"15","11","com.alibaba.fastjson.JSONPath.IntObjInSegement.apply(JSONPath,Object,Object,Object)"
"9","7","com.alibaba.fastjson.JSONPath.StringInSegement.apply(JSONPath,Object,Object,Object)"
"75","62","com.alibaba.fastjson.JSONPath.IntOpSegement.apply(JSONPath,Object,Object,Object)"
"21","17","com.alibaba.fastjson.JSONPath.DoubleOpSegement.apply(JSONPath,Object,Object,Object)"
"43","40","com.alibaba.fastjson.JSONPath.RefOpSegement.apply(JSONPath,Object,Object,Object)"
"16","5","com.alibaba.fastjson.JSONPath.MatchSegement.MatchSegement(String,String,String,String[],boolean)"
"22","15","com.alibaba.fastjson.JSONPath.MatchSegement.apply(JSONPath,Object,Object,Object)"
"22","15","com.alibaba.fastjson.JSONPath.StringOpSegement.apply(JSONPath,Object,Object,Object)"
"14","9","com.alibaba.fastjson.JSONPath.FilterSegment.eval(JSONPath,Object,Object)"
"11","7","com.alibaba.fastjson.JSONPath.FilterSegment.remove(JSONPath,Object,Object)"
"11","9","com.alibaba.fastjson.JSONPath.FilterGroup.apply(JSONPath,Object,Object,Object)"
"38","28","com.alibaba.fastjson.JSONPath.getArrayItem(Object,int)"
"19","10","com.alibaba.fastjson.JSONPath.setArrayItem(JSONPath,Object,int,Object)"
"15","9","com.alibaba.fastjson.JSONPath.removeArrayItem(JSONPath,Object,int)"
"13","10","com.alibaba.fastjson.JSONPath.getPropertyValues(Object)"
"23","12","com.alibaba.fastjson.JSONPath.deepGetPropertyValues(Object,Object)"
"12","12","com.alibaba.fastjson.JSONPath.eq(Object,Object)"
"26","19","com.alibaba.fastjson.JSONPath.eqNotNull(Number,Number)"
"92","54","com.alibaba.fastjson.JSONPath.getPropertyValue(Object,String,long)"
"49","27","com.alibaba.fastjson.JSONPath.deepScan(Object,String,Object)"
"32","17","com.alibaba.fastjson.JSONPath.deepSet(Object,String,long,Object)"
"21","13","com.alibaba.fastjson.JSONPath.setPropertyValue(Object,String,long,Object)"
"28","15","com.alibaba.fastjson.JSONPath.removePropertyValue(Object,String,boolean)"
"21","18","com.alibaba.fastjson.JSONPath.evalSize(Object)"
"13","14","com.alibaba.fastjson.JSONPath.evalKeySet(Object)"
"10","5","com.alibaba.fastjson.JSONPath.reserveToArray(Object,String)"
"15","7","com.alibaba.fastjson.JSONPath.reserveToObject(Object,String)"
"43","24","com.alibaba.fastjson.PropertyNamingStrategy.translate(String)"
