<?xml version="1.0" encoding="UTF-8"?>
<project>
  <publishDate position="left" format="yyyy-MM-dd HH:mm" />
  <!-- 
  <skin>
    <groupId>fr.inria.gforge.spoon</groupId>
    <artifactId>spoon-maven-skin</artifactId>
    <version>1.0-SNAPSHOT</version>
  </skin>
  -->

  <body>
    <links>
      <item name="home" href="http://spoon.gforge.inria.fr/" />
      <item name="javadoc" href="apidocs/index.html" />
      <item name="forge" href="http://gforge.inria.fr/projects/spoon/" />
    </links>
    <!--menu ref="parent"/-->
    <menu ref="reports" inherit="bottom"/>
  </body>
</project>
