<?xml version="1.0"?>
<!--
    * Licensed to the Apache Software Foundation (ASF) under one
    * or more contributor license agreements.  See the NOTICE file
    * distributed with this work for additional information
    * regarding copyright ownership.  The ASF licenses this file
    * to you under the Apache License, Version 2.0 (the
    * "License"); you may not use this file except in compliance
    * with the License.  You may obtain a copy of the License at
    * 
    *   http://www.apache.org/licenses/LICENSE-2.0
    * 
    * Unless required by applicable law or agreed to in writing,
    * software distributed under the License is distributed on an
    * "AS IS" BASIS, WITHOUT WARRANTIES OR CONDITIONS OF ANY
    * KIND, either express or implied.  See the License for the
    * specific language governing permissions and limitations
    * under the License.    
-->

<document>
  <properties>
    <title>Home</title>
    <author email="dev@commons.apache.org">Commons Documentation Team</author>
  </properties>
  <body>
  
    <section name="Commons BCEL">
      <p>
        The Byte Code Engineering Library (Apache Commons BCEL&#x2122;) is intended to give users a
        convenient way to analyze, create, and manipulate (binary)
        Java class files (those ending with .class). Classes are
        represented by objects which contain all the symbolic information
        of the given class: methods, fields and byte code instructions, in
        particular.
      </p>
    
      <p>
        Such objects can be read from an existing file, be transformed
        by a program (e.g. a class loader at run-time) and written to a file again. 
        An even more interesting application is the creation of classes from scratch 
        at run-time. The Byte Code Engineering Library (BCEL) may be also useful 
        if you want to learn about the Java Virtual Machine (JVM) and the format of 
        Java .class files. 
      </p>
    
      <p>
        BCEL contains a byte code verifier named JustIce, which usually
        gives you much better information about what's wrong with your
        code than the standard JVM message.
      </p>
    
      <p>
        BCEL is already being used successfully in several projects such
        as compilers, optimizers, obsfuscators, code generators
        and analysis tools. Unfortunately there hasn't been much development
        going on over the past few years. Feel free to help out or you
        might want to have a look into the ASM project at objectweb.
      </p>
    </section>

    <section name="Documentation">
      <p>
        The package descriptions in the <a href="javadocs/api-release/index.html">JavaDoc</a> give an overview of the available features
        and various <a href="project-reports.html">project reports</a> are provided.
      </p>
      <p>
        The JavaDoc API documents are available online:
      </p>
      <ul>
        <li>The <a href="apidocs/index.html">latest JavaDocs from SVN</a> [Java 7.0+]</li>
        <li>The <a href="javadocs/api-6.0/index.html">current stable release 6.0</a></li>
      </ul>
      <p>
        The <a href="source-repository.html">svn repository</a> can be
        <a href="http://svn.apache.org/viewvc/commons/proper/bcel/trunk">browsed</a>, or you can browse/contribute via <a href="https://github.com/apache/commons-bcel">GitHub</a>.
      </p>
    </section>
    <!-- ================================================== -->
    <section name="Release Information">
      <p>The latest stable release of BCEL is 6.0. You may: </p>
      <ul>
        <li>Download <a href="http://commons.apache.org/lang/download_bcel.cgi">6.0</a></li>
        <li>Read the <a href="release-notes/RELEASE-NOTES-6.0.txt">6.0 release notes</a></li>
        <li>Inspect the <a href="bcel5-bcel6-clirr-report.html">extended Clirr report</a> comparing 5.2 with 6.0</li>
      </ul>
      <p>
        Alternatively you can pull it from the central Maven repositories:
        <pre>
          &lt;groupId&gt;org.apache.bcel&lt;/groupId&gt;
          &lt;artifactId&gt;bcel&lt;/artifactId&gt;
          &lt;version&gt;6.0&lt;/version&gt;
        </pre>
      </p>

    </section>
    <!-- ================================================== -->
    <section name="Getting Involved">
      <p>
        The <a href="mail-lists.html">commons developer mailing list</a> is the main channel of communication for contributors. Please remember that the lists are shared between all commons components, so prefix your email by [bcel]. </p>
      <p>You can also visit the #apache-commons IRC channel on irc.freenode.net or peruse <a href="issue-tracking.html">JIRA</a>.</p>
      <p>Alternatively you can go through the <em>Needs Work</em> tags in the <a href="taglist.html">TagList report</a>.</p>
      <p>If you'd like to offer up pull requests via GitHub rather than applying patches to JIRA, we have a <a href="https://github.com/apache/commons-bcel/">GitHub mirror</a>. </p>
    </section>
  </body>
</document>
