<?xml version="1.0" encoding="ISO-8859-1"?>
<!--
    * Licensed to the Apache Software Foundation (ASF) under one
    * or more contributor license agreements.  See the NOTICE file
    * distributed with this work for additional information
    * regarding copyright ownership.  The ASF licenses this file
    * to you under the Apache License, Version 2.0 (the
    * "License"); you may not use this file except in compliance
    * with the License.  You may obtain a copy of the License at
    * 
    *   http://www.apache.org/licenses/LICENSE-2.0
    * 
    * Unless required by applicable law or agreed to in writing,
    * software distributed under the License is distributed on an
    * "AS IS" BASIS, WITHOUT WARRANTIES OR CONDITIONS OF ANY
    * KIND, either express or implied.  See the License for the
    * specific language governing permissions and limitations
    * under the License.    
-->
<project name="Apache Commons BCEL&amp;trade;">

  <bannerRight>
    <name>Commons BCEL</name>
    <src>/images/logo.gif</src>
    <href>/index.html</href>
  </bannerRight>

  <publishDate format="dd MMM yyyy"/>

  <body>

    <menu name="BCEL">
      <item name="About" href="index.html"/>
      <item name="News" href="news.html"/>
      <item name="Download" href="http://commons.apache.org/bcel/download_bcel.cgi"/>
      <item name="Manual" href="manual/manual.html">
        <item name="Introduction" href="manual/introduction.html"/>
        <item name="The JVM" href="manual/jvm.html"/>
        <item name="The BCEL API" href="manual/bcel-api.html"/>
        <item name="Application areas" href="manual/application-areas.html"/>
        <item name="Appendix" href="manual/appendix.html"/>
      </item>
      <item name="FAQ" href="faq.html"/>
      <item name="Used by" href="projects.html"/>
      <item name="Javadoc (Latest release)" href="javadocs/api-release/index.html"/>
      <item name="Javadoc (SVN latest)" href="apidocs/index.html"/>
    </menu>

  </body>
</project>
